{
  "input_prefix": "data/processed/eegbci_s1_s5_lr_w05_25_motor10",
  "subjects": [
    1,
    2,
    3,
    4,
    5
  ],
  "run_ids_present": [
    4,
    8,
    12
  ],
  "test_size": 0.2,
  "random_state": 42,
  "n_components": 6,
  "results": [
    {
      "config_name": "csp_svm",
      "accuracy": 0.5333333333333333,
      "precision": 0.5185185185185185,
      "recall": 0.6363636363636364,
      "f1_score": 0.5714285714285714,
      "confusion_matrix": [
        [
          10,
          13
        ],
        [
          8,
          14
        ]
      ],
      "labels": [
        0,
        1
      ],
      "train_size": 180,
      "test_size": 45,
      "n_channels": 10,
      "n_csp_components": 6
    },
    {
      "config_name": "csp_logreg",
      "accuracy": 0.4888888888888889,
      "precision": 0.47619047619047616,
      "recall": 0.45454545454545453,
      "f1_score": 0.46511627906976744,
      "confusion_matrix": [
        [
          12,
          11
        ],
        [
          12,
          10
        ]
      ],
      "labels": [
        0,
        1
      ],
      "train_size": 180,
      "test_size": 45,
      "n_channels": 10,
      "n_csp_components": 6
    }
  ]
}