{
  "input_prefix": "data/processed/eegbci_s1_s5_lr_w05_25_motor10_8_30",
  "subjects": [
    1,
    2,
    3,
    4,
    5
  ],
  "run_ids_present": [
    4,
    8,
    12
  ],
  "test_size": 0.2,
  "random_state": 123,
  "n_components": 4,
  "results": [
    {
      "config_name": "csp_svm",
      "accuracy": 0.4888888888888889,
      "precision": 0.4864864864864865,
      "recall": 0.8181818181818182,
      "f1_score": 0.6101694915254238,
      "confusion_matrix": [
        [
          4,
          19
        ],
        [
          4,
          18
        ]
      ],
      "labels": [
        0,
        1
      ],
      "train_size": 180,
      "test_size": 45,
      "n_channels": 10,
      "n_csp_components": 4
    },
    {
      "config_name": "csp_logreg",
      "accuracy": 0.4444444444444444,
      "precision": 0.45454545454545453,
      "recall": 0.6818181818181818,
      "f1_score": 0.5454545454545454,
      "confusion_matrix": [
        [
          5,
          18
        ],
        [
          7,
          15
        ]
      ],
      "labels": [
        0,
        1
      ],
      "train_size": 180,
      "test_size": 45,
      "n_channels": 10,
      "n_csp_components": 4
    }
  ]
}