{
  "input_prefix": "data/processed/eegbci_s1_s5_lr_w05_25_motor10_8_30",
  "subjects": [
    1,
    2,
    3,
    4,
    5
  ],
  "run_ids_present": [
    4,
    8,
    12
  ],
  "test_size": 0.2,
  "random_state": 21,
  "n_components": 4,
  "results": [
    {
      "config_name": "csp_svm",
      "accuracy": 0.5333333333333333,
      "precision": 0.5151515151515151,
      "recall": 0.7727272727272727,
      "f1_score": 0.6181818181818182,
      "confusion_matrix": [
        [
          7,
          16
        ],
        [
          5,
          17
        ]
      ],
      "labels": [
        0,
        1
      ],
      "train_size": 180,
      "test_size": 45,
      "n_channels": 10,
      "n_csp_components": 4
    },
    {
      "config_name": "csp_logreg",
      "accuracy": 0.4666666666666667,
      "precision": 0.4642857142857143,
      "recall": 0.5909090909090909,
      "f1_score": 0.52,
      "confusion_matrix": [
        [
          8,
          15
        ],
        [
          9,
          13
        ]
      ],
      "labels": [
        0,
        1
      ],
      "train_size": 180,
      "test_size": 45,
      "n_channels": 10,
      "n_csp_components": 4
    }
  ]
}