{
  "input_prefix": "data/processed/eegbci_s1_s5_lr_w05_25_motor10_12_30",
  "subjects": [
    1,
    2,
    3,
    4,
    5
  ],
  "run_ids_present": [
    4,
    8,
    12
  ],
  "test_size": 0.2,
  "random_state": 42,
  "n_components": 4,
  "results": [
    {
      "config_name": "csp_svm",
      "accuracy": 0.4888888888888889,
      "precision": 0.48148148148148145,
      "recall": 0.5909090909090909,
      "f1_score": 0.5306122448979592,
      "confusion_matrix": [
        [
          9,
          14
        ],
        [
          9,
          13
        ]
      ],
      "labels": [
        0,
        1
      ],
      "train_size": 180,
      "test_size": 45,
      "n_channels": 10,
      "n_csp_components": 4
    },
    {
      "config_name": "csp_logreg",
      "accuracy": 0.5333333333333333,
      "precision": 0.5217391304347826,
      "recall": 0.5454545454545454,
      "f1_score": 0.5333333333333333,
      "confusion_matrix": [
        [
          12,
          11
        ],
        [
          10,
          12
        ]
      ],
      "labels": [
        0,
        1
      ],
      "train_size": 180,
      "test_size": 45,
      "n_channels": 10,
      "n_csp_components": 4
    }
  ]
}