{
  "input_prefix": "data/processed/eegbci_s1_s5_lr_w05_25_motor10_8_30",
  "subjects": [
    1,
    2,
    3,
    4,
    5
  ],
  "run_ids_present": [
    4,
    8,
    12
  ],
  "test_size": 0.2,
  "random_state": 123,
  "n_components": 6,
  "scaling": {
    "enabled": true,
    "scaler_class": "StandardScaler"
  },
  "results": [
    {
      "config_name": "csp_svm",
      "accuracy": 0.4444444444444444,
      "precision": 0.4594594594594595,
      "recall": 0.7727272727272727,
      "f1_score": 0.576271186440678,
      "confusion_matrix": [
        [
          3,
          20
        ],
        [
          5,
          17
        ]
      ],
      "labels": [
        0,
        1
      ],
      "train_size": 180,
      "test_size": 45,
      "n_channels": 10,
      "n_csp_components": 6
    },
    {
      "config_name": "csp_logreg",
      "accuracy": 0.5333333333333333,
      "precision": 0.5161290322580645,
      "recall": 0.7272727272727273,
      "f1_score": 0.6037735849056604,
      "confusion_matrix": [
        [
          8,
          15
        ],
        [
          6,
          16
        ]
      ],
      "labels": [
        0,
        1
      ],
      "train_size": 180,
      "test_size": 45,
      "n_channels": 10,
      "n_csp_components": 6
    }
  ]
}