{
  "input_prefix": "data/processed/eegbci_s1_s5_lr_w05_25_motor10",
  "subjects": [
    1,
    2,
    3,
    4,
    5
  ],
  "run_ids_present": [
    4,
    8,
    12
  ],
  "test_size": 0.2,
  "random_state": 42,
  "n_components": 2,
  "results": [
    {
      "config_name": "csp_svm",
      "accuracy": 0.4222222222222222,
      "precision": 0.4,
      "recall": 0.36363636363636365,
      "f1_score": 0.38095238095238093,
      "confusion_matrix": [
        [
          11,
          12
        ],
        [
          14,
          8
        ]
      ],
      "labels": [
        0,
        1
      ],
      "train_size": 180,
      "test_size": 45,
      "n_channels": 10,
      "n_csp_components": 2
    },
    {
      "config_name": "csp_logreg",
      "accuracy": 0.4444444444444444,
      "precision": 0.42105263157894735,
      "recall": 0.36363636363636365,
      "f1_score": 0.3902439024390244,
      "confusion_matrix": [
        [
          12,
          11
        ],
        [
          14,
          8
        ]
      ],
      "labels": [
        0,
        1
      ],
      "train_size": 180,
      "test_size": 45,
      "n_channels": 10,
      "n_csp_components": 2
    }
  ]
}