{
  "input_prefix": "data/processed/eegbci_s1_s5_lr_w05_25_motor10_8_20",
  "subjects": [
    1,
    2,
    3,
    4,
    5
  ],
  "run_ids_present": [
    4,
    8,
    12
  ],
  "test_size": 0.2,
  "random_state": 42,
  "n_components": 4,
  "results": [
    {
      "config_name": "csp_svm",
      "accuracy": 0.4222222222222222,
      "precision": 0.4230769230769231,
      "recall": 0.5,
      "f1_score": 0.4583333333333333,
      "confusion_matrix": [
        [
          8,
          15
        ],
        [
          11,
          11
        ]
      ],
      "labels": [
        0,
        1
      ],
      "train_size": 180,
      "test_size": 45,
      "n_channels": 10,
      "n_csp_components": 4
    },
    {
      "config_name": "csp_logreg",
      "accuracy": 0.4222222222222222,
      "precision": 0.4166666666666667,
      "recall": 0.45454545454545453,
      "f1_score": 0.43478260869565216,
      "confusion_matrix": [
        [
          9,
          14
        ],
        [
          12,
          10
        ]
      ],
      "labels": [
        0,
        1
      ],
      "train_size": 180,
      "test_size": 45,
      "n_channels": 10,
      "n_csp_components": 4
    }
  ]
}