{
  "input_prefix": "data/processed/eegbci_s1_s5_lr_w05_25_motor15",
  "subjects": [
    1,
    2,
    3,
    4,
    5
  ],
  "run_ids_present": [
    4,
    8,
    12
  ],
  "test_size": 0.2,
  "random_state": 42,
  "n_components": 4,
  "results": [
    {
      "config_name": "csp_svm",
      "accuracy": 0.4,
      "precision": 0.38095238095238093,
      "recall": 0.36363636363636365,
      "f1_score": 0.37209302325581395,
      "confusion_matrix": [
        [
          10,
          13
        ],
        [
          14,
          8
        ]
      ],
      "labels": [
        0,
        1
      ],
      "train_size": 180,
      "test_size": 45,
      "n_channels": 15,
      "n_csp_components": 4
    },
    {
      "config_name": "csp_logreg",
      "accuracy": 0.4888888888888889,
      "precision": 0.47368421052631576,
      "recall": 0.4090909090909091,
      "f1_score": 0.43902439024390244,
      "confusion_matrix": [
        [
          13,
          10
        ],
        [
          13,
          9
        ]
      ],
      "labels": [
        0,
        1
      ],
      "train_size": 180,
      "test_size": 45,
      "n_channels": 15,
      "n_csp_components": 4
    }
  ]
}