{
  "input_prefix": "data/processed/eegbci_s1_s5_lr_w05_25_motor10_8_12",
  "subjects": [
    1,
    2,
    3,
    4,
    5
  ],
  "run_ids_present": [
    4,
    8,
    12
  ],
  "test_size": 0.2,
  "random_state": 42,
  "n_components": 4,
  "results": [
    {
      "config_name": "csp_svm",
      "accuracy": 0.4666666666666667,
      "precision": 0.46153846153846156,
      "recall": 0.5454545454545454,
      "f1_score": 0.5,
      "confusion_matrix": [
        [
          9,
          14
        ],
        [
          10,
          12
        ]
      ],
      "labels": [
        0,
        1
      ],
      "train_size": 180,
      "test_size": 45,
      "n_channels": 10,
      "n_csp_components": 4
    },
    {
      "config_name": "csp_logreg",
      "accuracy": 0.4888888888888889,
      "precision": 0.47619047619047616,
      "recall": 0.45454545454545453,
      "f1_score": 0.46511627906976744,
      "confusion_matrix": [
        [
          12,
          11
        ],
        [
          12,
          10
        ]
      ],
      "labels": [
        0,
        1
      ],
      "train_size": 180,
      "test_size": 45,
      "n_channels": 10,
      "n_csp_components": 4
    }
  ]
}